appid,windows_req,mac_req,linux_req,required_age,awards
10,"Minimum: 500 mhz processor, 96mb ram, 16mb video card, Windows XP, Mouse, Keyboard, Internet Connection Recommended: 800 mhz processor, 128mb ram, 32mb+ video card, Windows XP, Mouse, Keyboard, Internet Connection","Minimum: OS X  Snow Leopard 10.6.3, 1GB RAM, 4GB Hard Drive Space,NVIDIA GeForce 8 or higher, ATI X1600 or higher, or Intel HD 3000 or higher Mouse, Keyboard, Internet Connection","Minimum: Linux Ubuntu 12.04, Dual-core from Intel or AMD at 2.8 GHz, 1GB Memory, nVidia GeForce 8600/9600GT, ATI/AMD Radeaon HD2600/3600 (Graphic Drivers: nVidia 310, AMD 12.11), OpenGL 2.1, 4GB Hard Drive Space, OpenAL Compatible Sound Card",0,
20,"Minimum: 500 mhz processor, 96mb ram, 16mb video card, Windows XP, Mouse, Keyboard, Internet Connection Recommended: 800 mhz processor, 128mb ram, 32mb+ video card, Windows XP, Mouse, Keyboard, Internet Connection","Minimum: OS X  Snow Leopard 10.6.3, 1GB RAM, 4GB Hard Drive Space,NVIDIA GeForce 8 or higher, ATI X1600 or higher, or Intel HD 3000 or higher Mouse, Keyboard, Internet Connection","Minimum: Linux Ubuntu 12.04, Dual-core from Intel or AMD at 2.8 GHz, 1GB Memory, nVidia GeForce 8600/9600GT, ATI/AMD Radeaon HD2600/3600 (Graphic Drivers: nVidia 310, AMD 12.11), OpenGL 2.1, 4GB Hard Drive Space, OpenAL Compatible Sound Card",0,
30,"Minimum: 500 mhz processor, 96mb ram, 16mb video card, Windows XP, Mouse, Keyboard, Internet Connection Recommended: 800 mhz processor, 128mb ram, 32mb+ video card, Windows XP, Mouse, Keyboard, Internet Connection","Minimum: OS X  Snow Leopard 10.6.3, 1GB RAM, 4GB Hard Drive Space,NVIDIA GeForce 8 or higher, ATI X1600 or higher, or Intel HD 3000 or higher Mouse, Keyboard, Internet Connection","Minimum: Linux Ubuntu 12.04, Dual-core from Intel or AMD at 2.8 GHz, 1GB Memory, nVidia GeForce 8600/9600GT, ATI/AMD Radeaon HD2600/3600 (Graphic Drivers: nVidia 310, AMD 12.11), OpenGL 2.1, 4GB Hard Drive Space, OpenAL Compatible Sound Card",0,
50,"Minimum: 500 mhz processor, 96mb ram, 16mb video card, Windows XP, Mouse, Keyboard, Internet Connection Recommended: 800 mhz processor, 128mb ram, 32mb+ video card, Windows XP, Mouse, Keyboard, Internet Connection","Minimum: OS X  Snow Leopard 10.6.3, 1GB RAM, 4GB Hard Drive Space,NVIDIA GeForce 8 or higher, ATI X1600 or higher, or Intel HD 3000 or higher Mouse, Keyboard, Internet Connection","Minimum: Linux Ubuntu 12.04, Dual-core from Intel or AMD at 2.8 GHz, 1GB Memory, nVidia GeForce 8600/9600GT, ATI/AMD Radeaon HD2600/3600 (Graphic Drivers: nVidia 310, AMD 12.11), OpenGL 2.1, 4GB Hard Drive Space, OpenAL Compatible Sound Card",0,
40,"Minimum: 500 mhz processor, 96mb ram, 16mb video card, Windows XP, Mouse, Keyboard, Internet Connection Recommended: 800 mhz processor, 128mb ram, 32mb+ video card, Windows XP, Mouse, Keyboard, Internet Connection","Minimum: OS X  Snow Leopard 10.6.3, 1GB RAM, 4GB Hard Drive Space,NVIDIA GeForce 8 or higher, ATI X1600 or higher, or Intel HD 3000 or higher Mouse, Keyboard, Internet Connection","Minimum: Linux Ubuntu 12.04, Dual-core from Intel or AMD at 2.8 GHz, 1GB Memory, nVidia GeForce 8600/9600GT, ATI/AMD Radeaon HD2600/3600 (Graphic Drivers: nVidia 310, AMD 12.11), OpenGL 2.1, 4GB Hard Drive Space, OpenAL Compatible Sound Card",0,
60,"Minimum: 500 mhz processor, 96mb ram, 16mb video card, Windows XP, Mouse, Keyboard, Internet Connection Recommended: 800 mhz processor, 128mb ram, 32mb+ video card, Windows XP, Mouse, Keyboard, Internet Connection","Minimum: OS X  Snow Leopard 10.6.3, 1GB RAM, 4GB Hard Drive Space,NVIDIA GeForce 8 or higher, ATI X1600 or higher, or Intel HD 3000 or higher Mouse, Keyboard, Internet Connection","Minimum: Linux Ubuntu 12.04, Dual-core from Intel or AMD at 2.8 GHz, 1GB Memory, nVidia GeForce 8600/9600GT, ATI/AMD Radeaon HD2600/3600 (Graphic Drivers: nVidia 310, AMD 12.11), OpenGL 2.1, 4GB Hard Drive Space, OpenAL Compatible Sound Card",0,
70,"Minimum: 500 mhz processor, 96mb ram, 16mb video card, Windows XP, Mouse, Keyboard, Internet Connection Recommended: 800 mhz processor, 128mb ram, 32mb+ video card, Windows XP, Mouse, Keyboard, Internet Connection","Minimum: OS X  Snow Leopard 10.6.3, 1GB RAM, 4GB Hard Drive Space,NVIDIA GeForce 8 or higher, ATI X1600 or higher, or Intel HD 3000 or higher Mouse, Keyboard, Internet Connection","Minimum: Linux Ubuntu 12.04, Dual-core from Intel or AMD at 2.8 GHz, 1GB Memory, nVidia GeForce 8600/9600GT, ATI/AMD Radeaon HD2600/3600 (Graphic Drivers: nVidia 310, AMD 12.11), OpenGL 2.1, 4GB Hard Drive Space, OpenAL Compatible Sound Card",0,
80,"Minimum: 500 mhz processor, 96mb ram, 16mb video card, Windows XP, Mouse, Keyboard, Internet Connection Recommended: 800 mhz processor, 128mb ram, 32mb+ video card, Windows XP, Mouse, Keyboard, Internet Connection",,,0,
100,"Minimum: 500 mhz processor, 96mb ram, 16mb video card, Windows XP, Mouse, Keyboard, Internet Connection Recommended: 800 mhz processor, 128mb ram, 32mb+ video card, Windows XP, Mouse, Keyboard, Internet Connection",,,0,
130,"Minimum: 500 mhz processor, 96mb ram, 16mb video card, Windows XP, Mouse, Keyboard, Internet Connection Recommended: 800 mhz processor, 128mb ram, 32mb+ video card, Windows XP, Mouse, Keyboard, Internet Connection","Minimum: OS X  Snow Leopard 10.6.3, 1GB RAM, 4GB Hard Drive Space,NVIDIA GeForce 8 or higher, ATI X1600 or higher, or Intel HD 3000 or higher Mouse, Keyboard, Internet Connection","Minimum: Linux Ubuntu 12.04, Dual-core from Intel or AMD at 2.8 GHz, 1GB Memory, nVidia GeForce 8600/9600GT, ATI/AMD Radeaon HD2600/3600 (Graphic Drivers: nVidia 310, AMD 12.11), OpenGL 2.1, 4GB Hard Drive Space, OpenAL Compatible Sound Card",0,
220,"Minimum: OS *: Windows 7, Vista, XP Processor: 1.7 Ghz Memory: 512 MB RAM Graphics: DirectX 8.1 level Graphics Card (requires support for SSE) Storage: 6500 MB available space","Minimum: OS: Leopard 10.5.8, Snow Leopard 10.6.3, or higher Memory: 1 GB RAM Graphics: Nvidia GeForce8 or higher, ATI X1600 or higher, Intel HD 3000 or higher",,0,
240,"Minimum: 1.7 GHz Processor, 512MB RAM, DirectX® 8.1 level Graphics Card (Requires support for SSE), Windows® 7 (32/64-bit)/Vista/XP, Mouse, Keyboard, Internet Connection Recommended: Pentium 4 processor (3.0GHz, or better), 1GB RAM, DirectX® 9 level Graphics Card, Windows® 7 (32/64-bit)/Vista/XP, Mouse, Keyboard, Internet Connection","Minimum: OS X version Leopard 10.5.8, Snow Leopard 10.6.3, 1GB RAM, NVIDIA GeForce 8 or higher, ATI X1600 or higher, or Intel HD 3000 or higher Mouse, Keyboard, Internet Connection","Minimum: 1.7 GHz Processor, 512MB RAM, Mouse, Keyboard, Internet Connection",0,
280,"Minimum: 1.2 GHz Processor, 256MB RAM, DirectX 7 level graphics card, Windows XP, Mouse, Keyboard, Internet Connection Recommended: 2.4 GHz Processor, 512MB RAM, DirectX 9 level graphics card, Windows XP, Mouse, Keyboard, Internet Connection","Minimum: OS:OS X version Leopard 10.5.8, Snow Leopard 10.6.3 Memory: 1GB RAM Graphics: NVIDIA GeForce 8 or higher, ATI X1600 or higher, or Intel HD 3000 or higher Network: Internet Connection Other: Mouse, Keyboard","Minimum: OS: Ubuntu 12.04 Processor: Dual core from Intel or AMD at 2.8 GHz Memory: 4 GB RAM Graphics: nVidia GeForce 8600/9600GT, ATI/AMD Radeaon HD2600/3600 (Graphic Drivers: nVidia 310, AMD 12.11), OpenGL 2.1 Network: Broadband Internet connection Hard Drive: 8 GB available space Sound Card: OpenAL Compatible Sound Card",0,
300,"Minimum: 1.7 GHz Processor, 512MB RAM, DirectX® 8.1 level Graphics Card (Requires support for SSE), Windows® 7 (32/64-bit)/Vista/XP, Mouse, Keyboard, Internet Connection Recommended: Pentium 4 processor (3.0GHz, or better), 1GB RAM, DirectX® 9 level Graphics Card, Windows® 7 (32/64-bit)/Vista/XP, Mouse, Keyboard, Internet Connection","Minimum: OS X version Leopard 10.5.8, Snow Leopard 10.6.3, 1GB RAM, NVIDIA GeForce 8 or higher, ATI X1600 or higher, or Intel HD 3000 or higher Mouse, Keyboard, Internet Connection",,0,
320,"Minimum: 1.2 GHz Processor, 256MB RAM, DirectX 7 level graphics card, Windows XP, Mouse, Keyboard, Internet Connection Recommended: 2.4 GHz Processor, 512MB RAM, DirectX 9 level graphics card, Windows XP, Mouse, Keyboard, Internet Connection","Minimum: OS X version Leopard 10.5.8, Snow Leopard 10.6.3, 1GB RAM, NVIDIA GeForce 8 or higher, ATI X1600 or higher, or Intel HD 3000 or higher Mouse, Keyboard, Internet Connection",,0,
340,"Minimum: Pentium 4 2.4GHz or AMD 2800+ Processor, 1GB RAM, DirectX 9 level graphics card, Windows XP, Mouse, Keyboard, Internet Connection",,,0,
360,"Minimum: OS *: Windows® 7 (32/64-bit)/Vista/XP Processor: 1.7 GHz Processor, requires support for SSE Memory: 1024 MB RAM DirectX: Version 8.1 Network: Broadband Internet connection Storage: 4 GB available space","Minimum: OS: OS X 10.5.8 Processor: Dual core from Intel Memory: 2 GB RAM Graphics: nVidia 320M or higher, or Radeon 7000 or higher, or Intel HD 3000 or higher Network: Broadband Internet connection Storage: 4 GB available space","Minimum: OS: Ubuntu 12.04 Processor: Dual core from Intel or AMD at 2.8 GHz Memory: 2 GB RAM Graphics: nVidia GeForce 8600/9600GT, ATI/AMD Radeaon HD2600/3600 (Graphic Drivers: nVidia 310, AMD 12.11), OpenGL 2.1 Network: Broadband Internet connection Storage: 4 GB available space Sound Card: OpenAL Compatible Sound Card",0,
380,"Minimum: 1.7 GHz Processor, 512MB RAM, DirectX® 8.1 level Graphics Card (Requires support for SSE), Windows® 7 (32/64-bit)/Vista/XP, Mouse, Keyboard, Internet Connection Recommended: Pentium 4 processor (3.0GHz, or better), 1GB RAM, DirectX® 9 level Graphics Card, Windows® 7 (32/64-bit)/Vista/XP, Mouse, Keyboard, Internet Connection","Minimum: OS X version Leopard 10.5.8, Snow Leopard 10.6.3, 1GB RAM, NVIDIA GeForce 8 or higher, ATI X1600 or higher, or Intel HD 3000 or higher Mouse, Keyboard, Internet Connection",,0,
400,"Minimum: 1.7 GHz Processor, 512MB RAM, DirectX® 8.1 level Graphics Card (Requires support for SSE), Windows® 7 (32/64-bit)/Vista/XP, Mouse, Keyboard, Internet Connection Recommended: Pentium 4 processor (3.0GHz, or better), 1GB RAM, DirectX® 9 level Graphics Card, Windows® 7 (32/64-bit)/Vista/XP, Mouse, Keyboard, Internet Connection","Minimum: OS X version Leopard 10.5.8, Snow Leopard 10.6.3, 1GB RAM, NVIDIA GeForce 8 or higher, ATI X1600 or higher, or Intel HD 3000 or higher Mouse, Keyboard, Internet Connection",,0,
420,"Minimum: 1.7 GHz Processor, 512MB RAM, DirectX® 8.1 level Graphics Card (Requires support for SSE), Windows® 7 (32/64-bit)/Vista/XP, Mouse, Keyboard, Internet Connection Recommended: Pentium 4 processor (3.0GHz, or better), 1GB RAM, DirectX® 9 level Graphics Card, Windows® 7 (32/64-bit)/Vista/XP, Mouse, Keyboard, Internet Connection","Minimum: OS X version Leopard 10.5.8, Snow Leopard 10.6.3, 1GB RAM, NVIDIA GeForce 8 or higher, ATI X1600 or higher, or Intel HD 3000 or higher Mouse, Keyboard, Internet Connection",,0,
440,Minimum: OS *: Windows® 7 (32/64-bit)/Vista/XP Processor: 1.7 GHz Processor or better Memory: 512 MB RAM DirectX: Version 8.1 Network: Broadband Internet connection Storage: 15 GB available space,"Minimum: OS: OS X version Leopard 10.5.8 and above Processor: 1.7 GHz Processor or better Memory: 1 GB RAM Graphics: NVIDIA GeForce 8 or higher, ATI X1600 or higher, Intel HD 3000 or higher Network: Broadband Internet connection Storage: 15 GB available space","Minimum: OS: Ubuntu 12.04 Processor: Dual core from Intel or AMD at 2.8 GHz Memory: 1 GB RAM Graphics: nVidia GeForce 8600/9600GT, ATI/AMD Radeon HD2600/3600 (Graphic Drivers: nVidia 310, AMD 12.11), OpenGL 2.1 Network: Broadband Internet connection Storage: 15 GB available space Sound Card: OpenAL Compatible Sound Card",0,
500,"Minimum: Supported OS: Windows® 7 32/64-bit / Vista 32/64 / XP Processor: Pentium 4 3.0GHz Memory: 1 GB Graphics: 128 MB, Shader model 2.0, ATI 9600, NVidia 6600 or better Hard Drive: At least 7.5 GB of free space Sound Card: DirectX 9.0c compatible sound card","OS: MacOS X 10.6.4 or higher (Snow Leopard Graphics Update required) Processor: Dual core Intel processor, 2GHz or better Video Card: ATI Radeon 2400 or higher / NVIDIA 8600M or higher / Intel HD Graphics 3000 Not supported: OS X 10.5.x, ATI X1600 or X1900 graphics, NVIDIA GeForce 7 graphics or Intel graphics less than Intel HD 3000.",,0,Award
550,"Minimum: OS *: Windows® 7 32/64-bit / Vista 32/64 / XP Processor: Pentium 4 3.0GHz Memory: 2 GB RAM Graphics: Video card with 128 MB, Shader model 2.0. ATI X800, NVidia 6600 or better DirectX: Version 9.0c Storage: 13 GB available space Sound Card: DirectX 9.0c compatible sound card","Minimum: OS: MacOS 10.7 Processor: Dual core Intel processor, 2GHz or better Memory: 2 GB RAM Graphics: ATI Radeon 2400 or higher / NVIDIA 8600M or higher / Intel HD Graphics 3000 Storage: 13 GB available space Additional Notes: Not supported: OS X 10.5.x, ATI X1600 or X1900 graphics, NVIDIA GeForce 7 graphics or Intel graphics less than Intel HD 3000.","Minimum: OS: Ubuntu 12.04 Processor: Dual core from Intel or AMD at 2.8 GHz Memory: 2 GB RAM Graphics: nVidia GeForce 8600/9600GT, ATI/AMD Radeon HD2600/3600 (Graphic Drivers: nVidia 310, AMD 12.11), OpenGL 2.1 Storage: 13 GB available space Sound Card: OpenAL Compatible Sound Card",0,
570,"Minimum: OS *: Windows 7 or newer Processor: Dual core from Intel or AMD at 2.8 GHz Memory: 4 GB RAM Graphics: NVIDIA GeForce 8600/9600GT, ATI/AMD Radeon HD2600/3600 DirectX: Version 11 Network: Broadband Internet connection Storage: 60 GB available space Sound Card: DirectX Compatible","Minimum: OS: macOS 10.15 or newer Processor: Dual core from Intel Memory: 4 GB RAM Graphics: Metal-capable GPU (AMD GCN-based GPU or newer, NVIDIA Kepler-based GPU or newer, Intel HD 4000 or newer) Network: Broadband Internet connection Storage: 60 GB available space","Minimum: OS: Ubuntu 12.04 or newer Processor: Dual core from Intel or AMD at 2.8 GHz Memory: 4 GB RAM Graphics: AMD GCN+, NVIDIA Kepler+, or Intel HD 5000-series or newer Network: Broadband Internet connection Storage: 60 GB available space Sound Card: OpenAL Compatible Sound Card",0,
630,"Minimum: OS *: Windows® 7 / Vista / Vista64 / XP Processor: Pentium 4 3.0GHz Memory: 1 GB for XP / 2GB for Vista Graphics: DirectX 9 compatible video card with 128 MB, Shader model 2.0. ATI X800, NVidia 6600 or better Hard Drive: At least 2.5 GB of free space Sound: DirectX 9.0c compatible sound card",,,0,
620,"Minimum: OS *: Windows 7 / Vista / XP Processor: 3.0 GHz P4, Dual Core 2.0 (or higher) or AMD64X2 (or higher) Memory: 2 GB RAM Graphics: Video card must be 128 MB or more and with support for Pixel Shader 2.0b (ATI Radeon X800 or higher / NVIDIA GeForce 7600 or higher / Intel HD Graphics 2000 or higher). DirectX: Version 9.0c Storage: 8 GB available space Sound Card: DirectX 9.0c compatible",Minimum: OS: MAC OS X 10.6.7 or higher Processor: Intel Core Duo Processor (2GHz or better) Memory: 2 GB RAM Graphics: ATI Radeon 2400 or higher / NVIDIA 8600M or higher / Intel HD Graphics 3000 Storage: 8 GB available space,"Minimum: OS: Ubuntu 12.04 Processor: Dual core from Intel or AMD at 2.8 GHz Memory: 2 GB RAM Graphics: nVidia GeForce 8600/9600GT, ATI/AMD Radeon HD2600/3600 (Graphic Drivers: nVidia 310, AMD 12.11), OpenGL 2.1 Storage: 8 GB available space Sound Card: OpenAL Compatible Sound Card",0,
659,"Minimum: OS *: Windows 7 / Vista / XP Processor: 3.0 GHz P4, Dual Core 2.0 (or higher) or AMD64X2 (or higher) Memory: 2 GB RAM Graphics: Video card must be 128 MB or more and with support for Pixel Shader 2.0b (ATI Radeon X800 or higher / NVIDIA GeForce 7600 or higher / Intel HD Graphics 2000 or higher). DirectX: Version 9.0c Storage: 8 GB available space Sound Card: DirectX 9.0c compatible",Minimum: OS: MAC OS X 10.6.7 or higher Processor: Intel Core Duo Processor (2GHz or better) Memory: 2 GB RAM Graphics: ATI Radeon 2400 or higher / NVIDIA 8600M or higher / Intel HD Graphics 3000 Storage: 8 GB available space,"Minimum: OS: Ubuntu 12.04 Processor: Dual core from Intel or AMD at 2.8 GHz Memory: 2 GB RAM Graphics: nVidia GeForce 8600/9600GT, ATI/AMD Radeon HD2600/3600 (Graphic Drivers: nVidia 310, AMD 12.11), OpenGL 2.1 Storage: 8 GB available space Sound Card: OpenAL Compatible Sound Card",0,
730,Minimum: OS: Windows® 10 Processor: 4 hardware CPU threads - Intel® Core™ i5 750 or higher Memory: 8 GB RAM Graphics: Video card must be 1 GB or more and should be a DirectX 11-compatible with support for Shader Model 5.0 DirectX: Version 11 Storage: 85 GB available space,Minimum: OS: MacOS X 10.11 (El Capitan) or later Processor: Intel Core Duo Processor (2GHz or better) Memory: 2 GB RAM Graphics: ATI Radeon HD 2400 or better / NVIDIA 8600M or better Storage: 15 GB available space,Minimum: OS: Ubuntu 20.04 Processor: 4 hardware CPU threads - Intel® Core™ i5 750 or higher Memory: 8 GB RAM Graphics: AMD GCN+ or NVIDIA Kepler+ with up-to-date Vulkan drivers.  Support for VK_EXT_graphics_pipeline_library highly recommended. Storage: 85 GB available space Sound Card: Highly recommended,0,Award
1002,"Minimum: Pentium3 800 MHz (or compatible), 256 MB RAM, GeForce 2 (or compatible), Windows 98, Internet connection for Steam Will be choppy with 8 AI players or in a big online game. Multi mice will only work with Windows XP Recommended: Pentium4 1500 MHz (or compatible), 512MB RAM, DirectX 9 compatible graphics card, Windows XP, Internet connection for Steam Will work fine with most DirectX 9 compatible graphics cards.",,,0,
1200,Minimum: OS: Windows XP Processor: 1.2 GHZ or Equivalent Memory: 512 MB RAM Graphics: 64 MB DX9 Compliant Hard Drive: 2 GB free hard drive space Sound: DX 8.1 Compatible Audio,"OS: OS X version Leopard 10.5.8, Snow Leopard 10.6.3, or later. Processor: Intel Mac Memory: 512 MB RAM Graphics: Nvidia or ATI GPU (Intel GPUs unsupported) Hard Drive: 2 GB free hard drive space","Minimum: OS: Ubuntu 12.04 LTS, fully updated Processor: 1.2 GHZ or Equivalent Memory: 512 MB RAM Graphics: Nvidia, ATI, or Intel GPU with hardware-accelerated drivers Hard Drive: 2 GB free hard drive space",0,Award
1250,Minimum: OS *: Windows XP/Vista Processor: 1.2 GHZ or Equivalent Memory: 1 GB RAM Graphics: 64 MB DX9 Compliant Hard Drive: 2 GB free hard drive space Sound: DX 8.1 Compatible Audio,"OS: OS X version Leopard 10.5.8, Snow Leopard 10.6.3, or later. Processor: Intel Mac Graphics: Nvidia or ATI GPU (Intel GPUs unsupported)","Minimum: OS: Ubuntu 12.04 LTS, fully updated Processor: 1.2 GHZ or Equivalent Memory: 1 GB RAM Graphics: Nvidia, ATI, or Intel GPU with hardware-accelerated drivers Hard Drive: 2 GB free hard drive space",0,
1530,Supported OS: Windows XP or Vista Processor: 2.0 GHz CPU Memory: 512 MB RAM Graphics: GeForce 6200 or RADEON 9600 series Hard Drive: 64 MB free space,"OS: OS X version Leopard 10.5.8, Snow Leopard 10.6.3, or later. Processor: Intel Core Duo 1.66GHz+ Memory: 1GB of RAM Graphics: 64MB of video memory Hard Drive: 64 MB",Processor: 2 Ghz Memory: 1Gb Graphics: 64Mb of memory Hard Drive: 70Mb,0,
1600,"Minimum: Windows XP, 550Mhz CPU, 128 MB RAM, D3D Video Card with 32MB RAM (DirectX 9.0b drivers), DX9 Sound Card, 590MB hard drive space, Internet or LAN connection for multiplayer Recommended: 1GHz+ CPU, 256 MB RAM, D3D Video Card with 64MB RAM (with DirectX 9.0b compatible drivers), 1GB hard-drive space",,,0,
1610,"Minimum: Pentium Processor; Windows XP; 128MB RAM; 800x600 screen resolution; 16bit colour; 300 MB hard drive space; DirectX 8.1 or higher, Windows Compatible Sound Card.",,,0,
1620,"Minimum Configuration: Windows 95/98, Pentium 133 Mhz, 32 MB RAM minimum, 373 MB free hard drive space, Microsoft® compatible mouse, SVGA Graphics Adapter, DirectX compatible sound card",,,0,
1630,"Minimum Configuration: Windows XP, Pentium II 233 Mhz, 32 Mb RAM, 1200 MB hard disk space, DirectX 7.1, 16-bit sound card, Video Card with 8 MB RAM Recommended Configuration: Windows XP, Pentium II 300 Mhz, 64 MB RAM, 1400 MB hard disk space, DirectX 7.1, 16-bit sound card, Video Card with 16 MB RAM",,,0,
1640,"Minimum Configuration: Windows XP, Pentium II 233 Mhz, 32 Mb RAM, 1200 MB hard disk space, DirectX 7.1, 16-bit sound card, Video Card with 8 MB RAM Recommended Configuration: Windows XP, Pentium II 300 Mhz, 64 MB RAM, 1400 MB hard disk space, DirectX 7.1, 16-bit sound card, Video Card with 16 MB RAM",,,0,
1690,"Minimum System Requirements: Pentium 500MHz or better class machine, Windows XP, 64 megabytes RAM or better, 1024x768 or better screen resolution, 16 bit color display or better, DirectX 7.0 (or better), A video card with 3D acceleration, 500 megs hard drive space, A sound card capable of supporting MP3 and DirectSound playback. Sound card must be DirectX 7.0 (or better) compatible.",,,0,
1670,"Minimum System Requirements: Windows XP, 1Ghz Athlon or Pentium III CPU, 256MB RAM; DirectX 9.0 Compatible Video Card (ex: Geforce 2/4MX or Radeon 7500), DirectX 9.0 Compatible Sound Card, 2 Gigabyte free space on Hard drive, DirectX 9.0c",,,0,
1700,"Minimum: Windows XP, 500 MHz Pentium ® III or compatible, 64 MB RAM , DirectX 8 or higher, DirectX 8 compatible sound- and graphics card with 16 MB, 750 MB fixed disks Recommended: 900 MHz Pentium ® III or compatible, 256 MB RAM , DirectX 8 or higher, DirectX 8 compatible sound- and graphics card with 32MB, 750 MB fixed disks",,,0,
1840,"Minimum: OS *: Windows 7 / Vista (Windows 7 64 bit suggested) Processor: 3.0 GHz P4, Dual Core 2.0 (or higher) or AMD64X2 (or higher) Memory: 2GB (4 GB suggested) Graphics: NVIDIA GeForce 200 series card or better, or AMD Radeon 3000 series or better (NVIDIA GeForce 400 series or AMD Radeon 5000 series preferred) Monitor: 1366 x 768 (1920 x 1080 suggested) Hard Drive: At least 15 GB of Space Sound: DirectX 9.0c compatible USB headset with mic (suggested)",,,0,
1900,Minimum: Windows XP / Vista / 7 / 8 Intel/AMD Single Core CPU with 2.0 GHz 1 GB RAM DirectX 9.0 compatible graphics card with 128 MB RAM DirectX compatible sound card 2.0 GB free disk space Broad band Internet connection Keyboard and Mouse,,Minimum: Ubuntu 21.04 Intel/AMD Single Core CPU with 2.0 GHz 1 GB RAM DirectX 9.0 compatible graphics card with 128 MB RAM DirectX compatible sound card 2.0 GB free disk space Broad band Internet connection Keyboard and Mouse,0,Award
1930,"Minimum: OS *: Windows XP / Vista / 7 / 8 Processor: Dual Core CPU 2.0 GHz Memory: 1 GB Graphics: GeForce FX 6, 7 and 8 series, AMD/ATI Radeon X-series with Shader 2.0b support Hard Drive: 6 GB Free Space Sound: DirectX 9.0c compatible Misc: Keyboard, Mouse, Broadband Internet Connection","Minimum: OS: OS X El Capitan Processor: Intel Mac Core Core CPU Memory: 1 GB Graphics: GeForce FX 6, 7 and 8 series, AMD/ATI Radeon X-series with Shader 2.0b support Hard Drive: 6 GB Free Space Sound: Soundcard Misc: Keyboard, Mouse, Broadband Internet Connection","Minimum: OS: Ubuntu 12.04.5 LTS or SteamOS Processor: Dual Core CPU 2.0 GHz Memory: 1 GB Graphics: GeForce FX 6, 7 and 8 series, AMD/ATI Radeon X-series with Shader 2.0b support Hard Drive: 6 GB Free Space Sound: DirectX 9.0c compatible Misc: Keyboard, Mouse, Broadband Internet Connection",0,Award
2100,"Minimum: AMD Athlon™, Pentium® 2.4 GHz, 512MB RAM, 128MB video card, 7GB HDD Space, Windows XP, Mouse, Keyboard, Internet Connection Recommended: AMD Athlon™, Pentium® 3.0 GHz, 256mb dx9 video card, 7GB HDD Space, Windows XP, Mouse, Keyboard, Internet Connection",,,0,
2130,"Minimum: AMD Athlon™, Pentium® 2.4 GHz, 512MB RAM, 128MB video card, 7GB HDD Space, Windows XP, Mouse, Keyboard, Internet Connection Recommended: AMD Athlon™, Pentium® 3.0 GHz, 256mb dx9 video card, 7GB HDD Space, Windows XP, Mouse, Keyboard, Internet Connection",,,0,
2200,"3-D Hardware Accelerator with full OpenGL® support, Pentium® 233 Mhz MMX®processor with 8 MB Video Card or Pentium II 266 Mhz processor with 4 MB Video Card, or AMD® 350 Mhz K6®-2 processor with 4 MB Video Card, 64 MB RAM, a 100% Windows® XP/Vista compatible computer system (including compatible 32-bit drivers for video card, sound card and input devices), 25 MB of uncompressed hard disk space for game files (Minimum Install), plus 45 MB for the Windows swap file, 100% DirectX 3.0 or higher compatible sound card, 100% Microsoft-compatible mouse and driver, joystick (optional)",,,0,
2210,Operating System: Windows® XP Processor: Intel® Pentium® 4 2.0 GHz or AMD® Athlon® XP 2000+ processor or higher Memory: 512MB RAM Hard Disk Space: 2.8GB of uncompressed free hard disk space (plus 400MB for Windows® swap file) Video: 100% DirectX® 9.0c compatible 64MB 3D hardware accelerated video card required Sound: 100% DirectX® 9.0c compatible 16-bit sound card and latest drivers DirectX® Version: 9.0c,,,18,
2280,OS Version: Windows 10 64-bit Processor: Intel Core i5-3570 @3.4GHz or AMD Ryzen 5 1400 @3.5GHz Memory: 8GB System RAM Graphics: NVIDIA Geforce GTX 650 TI (2GB) or AMD HD 7750 (1GB) Direct X: Version 12 Disk Space: Minimum 2GB free space on hard drive,,,0,
2270,Minimum: A 100% Windows XP/Vista-compatible computer system,,,0,
2310,Minimum Spec (1080p/60 HZ) Win 10 64-bit version Intel Core i5-3570 @3.4 GHz or AMD Ryzen 3 1300X @3.5 GHz NVIDIA GeForce GTX 650 TI (2GB) or AMD HD 7750 (1GB) 8GB System RAM Minimum 2GB free space on hard drive (additional space required for add-on downloads) High speed broadband connection required for online play,,,18,
2320,Minimum Spec (1080p/60 HZ) Win 10 64-bit version Intel Core i5-3570 @ 3.4GHz or AMD Ryzen 3 1300X @ 3.5GHz NVIDIA GeForce GTX 650 TI (2GB) or AMD HD 7750 (1GB) 8GB System RAM Minimum 2GB free space on hard drive High speed broadband connection required for online play,,,18,
2400,"Minimum: 1.8 GHz Processor, 512MB RAM, DirectX 8 level graphics card (1024x768), Windows 2000/XP/ME/98, Mouse, Keyboard, Internet Connection, DirectX 9.0c Recommended: 2.8 GHz Processor, 1024MB RAM, DirectX 9 capable Graphics Card (1024x768), Windows 2000/XP/ME/98, Mouse, Keyboard, Internet Connection, DirectX 9.0c",,,0,
2420,"Minimum: 1.8 GHz Processor, 512MB RAM, DirectX 8 level graphics card (1024x768), Windows 2000/XP/ME/98, Mouse, Keyboard, Internet Connection, DirectX 9.0c Recommended: 2.8 GHz Processor, 1024MB RAM, DirectX 9 capable Graphics Card (1024x768), Windows 2000/XP/ME/98, Mouse, Keyboard, Internet Connection, DirectX 9.0c",,,0,
2450,"Minimum OS *: Microsoft Windows XP SP2 / Vista SP1 (32bit) Processor: Pentium 4 3.0GHz Dual Core Memory: 1 GB Graphics: 128 MB, Shader model 2.0, ATI 9600, NVidia 6600 or better DirectX®: DirectX 9.0c Hard Drive: 2 GB free Sound: DirectX 9.0c compatible sound card Peripherals: PS2/USB For 6-8 player multiplayer matches, the Recommended System Requirements are strongly suggested. Internet (TCP/IP) and LAN (TCP/IP) play supported. Internet play requires broadband connection and latest drivers. LAN play requires network interface card and latest drivers.",,,0,
2500,"Minimum: 1.3 GHZ or Equivalent, 384 MB RAM, GeForce 4 Ti 4200* or ATi Radeon 9000 or better, 1 GB free hard drive space, Windows 2000/XP Recommended: 2.0 GHz, 512 MB RAM, GeForce FX 5900 Ultra or ATi Radeon 9500 Pro or better * Please note that Shadowgrounds does not run on GeForce 4 MX cards.","OS: Mac OS X 10.6.5 or newer - Unfortunately OS X 10.9 or newer NOT supported Processor: Intel Mac Memory: 1 GB RAM Hard Disk Space: 1GB Video Card: : OpenGL 2.0 compatible video card with 256 MB shared or dedicated RAM (ATI or NVIDIA) * DirectX®: 9.0 Additional: Keyboard+mouse or Keyboard+trackpad * Please be advised that the game does not run on Intel graphics solutions (such as Macbooks from 2006-2008 and the new MacBook Pro 13"" models from 2011). The game does run on most Macs from 2009 onwards that have a distinct graphics chip (such as those with NVIDIA GeForce 9400M but graphics details need to be turned down for smooth gameplay).",,0,Award
2520,"Minimum: Windows 2000/XP SP2, 1 GHz Processor, 256 MB System RAM, 32 MB OpenGL 3D Video Card, 50 MB Available hard disk space, DirectX 8.0 or higher Recommended: 1.6 GHz Processor, GeForce 5200 / Radeon 9600 or better video card",,,0,Award
2525,"Minimum: Windows 2000/XP SP2, 1 GHz Processor, 256 MB System RAM, 32 MB OpenGL 3D Video Card, 50 MB Available hard disk space, DirectX 8.0 or higher Recommended: 1.6 GHz Processor, GeForce 5200 / Radeon 9600 or better video card",,,0,Award
2540,"Minimum: Windows XP/2000, 1 GHz Processor, 256 MB RAM, 128 MB 3D Video Card, DirectX 9.0c, 50 MB of available Hard Disk Space",,,0,
2550,"Minimum: Windows XP/2000, 1 GHz Processor, 256 MB RAM, 128 MB 3D Video Card, DirectX 9.0c, 50 MB of available Hard Disk Space",,,0,
2545,"Minimum: Windows XP/2000, 1 GHz Processor, 256 MB RAM, 128 MB 3D Video Card, DirectX 9.0c, 50 MB of available Hard Disk Space",,,0,
2590,Supported OS: Windows® 10 Processor: 2.0 GHz Processor Memory: 512 MB RAM Graphics: DirectX compatible 128 MB graphics card DirectX Version: DirectX® 9.0c Sound: DirectX compatible sound card Hard Drive: 3 GB Hard Drive space,,,0,
2600,"Required: 3D hardware accelerator card required - 100% DirectX® 9.0c-compatible 64MB video card and drivers 1.2 GHz Athlon™ or 1.2 GHz Pentium® III processor or higher 384MB of RAM (512MB of RAM recommended) Microsoft® Windows® 98/ME/2000/XP * 3.3 GB of uncompressed hard disk space for game files and saved games (plus 1.4 GB for Windows® swap file) 100% DirectX® 9.0-compatible 16-bit sound card and drivers 100% Windows® 98/ME/2000/XP-compatible mouse, keyboard, and drivers DirectX® 9.0c * Does not support Windows XP 64 Supported Chipsets for 98/ME/200/XP: All ATI® Radeon® Chipsets All NVIDIA® GeForce(tm) Chipsets Matrox® Parhelia(tm) Chipset",,,0,
2610,"Minimum 3D hardware accelerator card required - 100% DirectX(R) 9.0c-compliant 32 MB Hardware T&L - capable video card and the latest drivers*, English version of Microsoft(R) Windows(R) 2000/XP, Pentium(R) III 1.8 GHz or Athlon(TM) XP 1800+ or higher processor, 256 MB of RAM, 2.8 GB of uncompressed hard disk space (plus 320 MB for the Windows swap file), A 100% Windows 2000/XP-compatible computer system including: DirectX 9.0c (Included) 100% DirectX 9.0c-compliant true 16-bit sound card and drivers 100% Windows 2000/XP-compatible mouse, keyboard and drivers 100% Windows 2000/XP-compatible gamepad (optional) (Game controller with 10 or more buttons and dual analog thumb sticks required) *Supported Chipsets for Windows 2000/XP NVIDIA® GeForce™ 3/Ti series NVIDIA® GeForce™ 4/Ti series NVIDIA® GeForce™ FX 5700 and later series NVIDIA® GeForce™ 6800 and later ATI® Radeon™ 8500 ATI® Radeon™ 9000 ATI® Radeon™ 9600 ATI® Radeon™ 9800 and later *Important Note:  Some 3D accelerator cards with the chipsets listed here may not be compatible with the 3D  acceleration features utilized by GUN.  Please refer to your hardware manufacturer for 100%  DirectX 9.0c compatibility.",,,0,
2620,"Minimum: OS *: Windows 98 / ME / 2000 / XP Processor: Pentium III 600 MHz or Athlon 600 MHz processor or higher for systems with Windows 98/ME, Pentium III 700 MHz or Athlon 700 MHz processor or higher for systems with Windows 2000 / XP Memory: 128 MB Graphics: 3D hardware accelerator card required - 100% DirectX 9.0b compatible 32 MB hardware T&L-capable video card and latest drivers* DirectX: Version 9.0b (included) Network: Storage: 1.4 GB of uncompressed free hard disk space (plus 400 MB for Windows 98/ME swap file, 600 MB for Windows 2000 / XP swap file) Sound Card: 100% DirectX 9.0b compatible 16-bit sound card and latest drivers Additional Notes: 100% Windows 98/ME/2000/XP compatible mouse, keyboard and latest drivers Multi-player Requirements: Internet (TCP/IP) and LAN (TCP/IP) play supported Internet play requires 56kbps (or faster) modem and latest drivers LAN play requires network interface card and latest drivers Important Notice: *Some 3D accelerator cards with the chipset listed here may not be compatible with the 3D acceleration features utilized by Call of Duty. Please refer to your hardware manufacturer for 100% DirectX 9.0b compatibility. *Supported Chipsets All ATI Radeon cards All nVidia GeForce cards Matrox Parhelia","OS: Mac OS X 10.4.11, 10.5.7 Processor: PowerPC G5 or Intel&REG CPU Speed: 1.6 GHz or faster Memory: 256 MB or higher Video Memory: 64 MB or higher Video Card (ATI): Radeon&trade 9800 or better Video Card (NVidia): GeForce&REG 5200 or better** Hard Drive: 2.5 GB free disk space Peripherals: Macintosh mouse and keyboard Supported Video cards: NVIDIA GeForce&REG 5200, 6600, 6800, 7300, 7600 8600, 8800, 9400, 9600, GT 120 ATI Radeon&TRADE 9800, x600, x800, x1600, x1900, HD 2400, HD 2600, HD 3870 *Apple original CPUs only; CPU upgrades not supported NOTICE: Intel&REG integrated video chipsets are not supported. NOTICE: This game is not supported on volumes formatted as Mac OS Extended (Case Sensitive) Multiplayer: Internet (TCP/IP) and LAN (TCP/IP) play supported.  Internet play requires broadband connection.",,0,
2630,"Minimum: 3D hardware accelerator card required - 100% DirectX 9.0c compatible 64MB hardware accelerator video card and the latest drivers*, Microsoft Windows 2000/XP, Pentium IV 1.4GHz or AMD Athlon XP 1700+ processor or higher, 256MB RAM (512MB RAM recommended), 100% DirectX 9.0c compatible 16-bit sound card and latest drivers, 100% Windows 2000/XP compatible mouse, keyboard and latest drivers, 4.0GB of uncompressed free hard disk space (plus 600MB for Windows 2000/XP swap file) Multi-player Requirements: Internet (TCP/IP) and LAN (TCP/IP) play supported Internet play requires broadband connection and latest drivers LAN play requires network interface card and latest drivers Important Notice: *Some 3D accelerator cards with the chipset listed here may not be compatible with the 3D acceleration features utilized by Call of Duty. Please refer to your hardware manufacturer for 100% DirectX 9.0c compatibility. Supported Chipsets ATI Radeon 8500 ATI Radeon 9000 ATI Radeon 9200 ATI Radeon 9500 ATI Radeon 9600 ATI Radeon 9700 ATI Radeon 9800 ATI Radeon X300 ATI Radeon X550 ATI Radeon X600 ATI Radeon X700 ATI Radeon X800 ATI Radeon X850 nVidia GeForce 2 Ultra All nVidia GeForce 3/Ti Series All nVidia GeForce 4/Ti Series All nVidia GeForce FX Series All nVidia GeForce 6 Series Recommend nVidia GeForce 7 Series or higher",Minimum: Supported OS: 10.12 (Sierra) CPU Processor: Intel Core 2 Duo (Dual-Core) CPU Speed: 1.8 GHz Memory: 512 MB RAM Hard Disk Space: 4 GB Graphics: NVIDIA Geforce 7300 or better or ATI Radeon X1600 Video Memory: 128 MB VRam Notice: Intel Integrated GMA 950 and Intel Integrated X3100 are unsupported video chipsets Notice: Call of Duty 2 Mac is English only,,0,
2640,"Minimum: Full Version of original Call of Duty, 3D hardware accelerator card required - 100% DirectX 9.0c compatible 32MB hardware T&L-capable video card and the latest drivers*, Microsoft Windows 2000/XP, Pentium III 800MHz or Athlon 800MHz processor or higher, 128MB RAM (256MB Recommended), 1150MB of uncompressed free hard disk space (plus 600MB for Windows 2000/XP swap file), 100% DirectX 9.0c compatible 16-bit sound card and latest drivers, 100% Windows 2000/XP compatible mouse, keyboard and latest drivers, DirectX 9.0c (included) Multi-player Requirements: Internet (TCP/IP) and LAN (TCP/IP) play supported Internet play requires 56kbps (or faster) modem and latest drivers LAN play requires network interface card and latest drivers Important Notice: *Some 3D accelerator cards with the chipset listed here may not be compatible with the 3D acceleration features utilized by Call of Duty United Offensive. Please refer to your hardware manufacturer for 100% DirectX 9.0c compatibility. Supported Chipsets All ATI Radeon cards All nVidia GeForce cards Matrox Parhelia","OS: Mac OS X 10.4.11, 10.5.7 Processor: PowerPC G5 or Intel&REG CPU Speed: 1.6 GHz or faster Memory: 256 MB or higher Video Memory: 64 MB or higher Video Card (ATI): Radeon&trade 9800 or better Video Card (NVidia): GeForce&REG 5200 or better** Hard Drive: 2.5 GB free disk space Peripherals: Macintosh mouse and keyboard Supported Video cards: NVIDIA GeForce&REG 5200, 6600, 6800, 7300, 7600 8600, 8800, 9400, 9600, GT 120 ATI Radeon&TRADE 9800, x600, x800, x1600, x1900, HD 2400, HD 2600, HD 3870 *Apple original CPUs only; CPU upgrades not supported NOTICE: Intel&REG integrated video chipsets are not supported. NOTICE: This game is not supported on volumes formatted as Mac OS Extended (Case Sensitive) Multiplayer: Internet (TCP/IP) and LAN (TCP/IP) play supported.  Internet play requires broadband connection.",,0,
2700,Minimum: Supported OS: Windows 2000/XP Processor: Pentium® III 733 MHz or compatible (Pentium® 4 1.2 GHz or compatible recommended) Memory: 128 MB RAM; 256 MB for XP (256 MB; 384 MB for XP recommended) Graphics: Any ATI Radeon™ or GeForce™ 2 with 32MB or higher; or other video card with 32MB and hardware T&L (ATI Radeon™ 64 MB SDR or GeForce™ 2 Pro or other video card with 64 MB or more memory and hardware T&L recommended)* DirectX Version: DirectX® version 9 (included) or higher Sound: Windows® 2000/XP-compatible 16-bit sound card * Hard Drive: 600 MB free * Indicates device should be compatible with DirectX® version 9.0b or higher.,"OS: 10.8.5 (Mountain Lion), 10.9.5 (Mavericks), 10.10.5 (Yosemite), 10.11.5 (El Capitan), 10.12 (Sierra) Processor: Intel Core 2 Duo (Dual-Core),  2.2 GHz Memory: 2 GB RAM Graphics: 256 MB ATI Radeon HD2600, Nvidia Geforce 8600, Intel HD 3000 Hard Drive: 2 GB Peripherals: Macintosh mouse and keyboard NOTICE: The following video chipsets are unsupported for RollerCoaster Tycoon® 3: Platinum! ATI Radeon X1000 series, HD 2400 NVIDIA GeForce 7000 series Intel GMA 950/X3100 NOTICE: MAC version available in English, French, and German ONLY! NOTICE: This game is not supported on volumes formatted as Mac OS Extended (Case Sensitive).",,0,
2720,"Minimum: Windows 2000/XP/Vista, DirectX9.0c or higher, Graphics Accelerator with 32-bit color support (DirectX9-Supported Accelerator recommended), 1.0GHz or faster processor, 256MB of RAM, 400MB of hard disk space",,,0,
2710,Minimum: Supported OS:Windows 2000/XP Processor: Pentium 4 1.5 GHz or equivalent (3.0 GHz recommended) Memory: 256 MB RAM (512 MB recommended) Graphics: 64 MB Hardware T&L-compatible video card (256 MB recommended) Sound: DirectX® version Windows 2000/XP-compatible sound card Hard Drive: 3 GB free HD space * Broadband connection required for online multiplayer play,,,0,
2820,Minimum: OS *: Windows 10 / 8 / 7 / Vista SP1 / XP SP2 Processor: Pentium® IV or AMD® equivalent at 2.0 GHz Memory: 1 GB RAM Graphics: 256 MB 3D DirectX 9 Compatible video card (not onboard) with Pixel Shader 1.1 support Hard Drive: 10GB of free space Sound: Soundcard (Surround Sound support recommended),Minimum: OS: 10.7 (Lion) Processor: Pentium® IV or AMD® equivalent at 2.0 GHz Memory: 1 GB RAM Graphics: 256MB OpenGL 2.0+ discrete NVIDIA/AMD card or Intel Core i7-2620M Hard Drive: 10GB of free space,Minimum: OS: Ubuntu 12.04 LTS Processor: Pentium® IV or AMD® equivalent at 2.0 GHz Memory: 1 GB RAM Graphics: 256MB OpenGL 2.0+ discrete NVIDIA/AMD card (with proprietary driver) or Intel Core i7-2620M with Mesa 9.0 Hard Drive: 10GB of free space,0,
2800,OS *: Windows 10 / 8 / 7 / Vista / XP / 2000 / ME / 98SE Processor: Pentium III 800MHz or same grade Memory: 256MB RAM Graphics: 32MB 3D card compatible with Direct X 8.1 DirectX®: 8.1 Hard Drive: 1200MB available space Sound:,,,0,Award
2810,OS *: Windows 10 / 8 / 7 / Vista / XP / 2000 / ME / 98SE Processor: Pentium IV 1.7GHz or same grade Memory: 512MB RAM Graphics: 128MB 3D card compatible with Direct X 9 DirectX®: 9 Hard Drive: 4.5GB available space,Minimum: OS: 10.7 (Lion) Processor: Pentium® IV or AMD® equivalent at 2.0 GHz Memory: 1 GB RAM Graphics: 256MB OpenGL 2.0+ discrete NVIDIA/AMD card or Intel Core i7-2620M Hard Drive: 5 GB of free space,Minimum: OS: Ubuntu 12.04 LTS Processor: Pentium® IV or AMD® equivalent at 2.0 GHz Memory: 1 GB RAM Graphics: 256MB OpenGL 2.0+ discrete NVIDIA/AMD card (with proprietary driver) or Intel Core i7-2620M with Mesa 9.0 Hard Drive: 10 GB of free space,0,
2840,Minimum: OS: Windows 95 or higher Processor: Pentium II 200 MHz Memory: 32 MB RAM Graphics: 4 MB DirectX-compliant video card DirectX®: DirectX 7.0 or higher Hard Drive: 360 MB hard-disk space Sound: DirectX-compliant sound card,,,0,
2850,Minimum: OS: Windows 95 or higher Processor: Pentium II 200 MHz Memory: 32 MB RAM Graphics: 4 MB DirectX-compliant video card DirectX®: DirectX 7.0 or higher Hard Drive: 400 MB hard-disk space Sound: DirectX-compliant sound card,,,0,
2870,"Minimum: Requires a 64-bit processor and operating system OS: Windows 10 (64-bit) or higher Processor: Intel i-Series at 2GHz or AMD equivalent Memory: 4 GB RAM Graphics: Nvidia GT400 series with 512MB RAM or better, ATI 4870HD with 512MB RAM or better DirectX: Version 9.0c Storage: 8 GB available space Sound Card: DirectX 9.0c Compatible Sound Card",Minimum: OS: OS X 10.9 Mavericks Processor: Intel i-Series at 2GHz or AMD equivalent Memory: 8 GB RAM Graphics: Intel Iris Pro Storage: 8 GB available space Sound Card: OpenAL Soft compatible Additional Notes: OpenGL version 4.2,"Minimum: OS: SteamOS (64-bit) or Ubuntu 14.04 (64-bit) Processor: Intel i-Series at 2GHz or AMD equivalent Memory: 8 GB RAM Graphics: Vendor proprietary drivers, Nvidia GT500 series with 1GB RAM or better, ATI 5870HD with 1GB RAM or better Storage: 8 GB available space Sound Card: OpenAL Soft compatible Additional Notes: OpenGL version 4.2",0,
2900,"Recommended: Windows 2000/XP, Pentium III, 256MB RAM, 1.5G Hard drive space, 32MB video card (Nvidia Geforce or ATI Radeon) DirectX 8.1 compatible sound card",,,0,
2920,"Recommended: Windows 2000/XP, Pentium III, 256MB RAM, 1.5G Hard drive space, 32MB video card (Nvidia Geforce or ATI Radeon) DirectX 8.1 compatible sound card",,,0,
2910,"Recommended: Windows 2000/XP, Pentium III, 256MB RAM, 1.5G Hard drive space, 32MB video card (Nvidia Geforce or ATI Radeon) DirectX 8.1 compatible sound card",,,0,
3010,"Minimum System Requirements: Windows 98/ME/2000/XP, P III/AMD Athlon processor with 1.3 GHz, 256 MB RAM, Video card with, 64 MB, DX 8.0 compatible (GeForce 3 or ATI Radeon 9200), Sound card DX 8.0 compatible, 1 GB of free space on hard drive, DirectX 9.0c, 56k Modem (for Internet multiplayer mode)",,,0,
2990,"Windows XP/2000 XP SP2 / 2000 SP4, 256 MB RAM, 64 MB video card, 2.0 GHz Pentium® 4 or AMD® 2000+ processor, DirectX compatible sound card, 3.5 GB free hard drive space, DirectX 9.0c, TCP/IP required for LAN play, 512kbs minimum, Broadband connection required",,,0,
3020,"Windows® 2000/XP (only), 2.2 GHz Pentium® 4, AMD Athlon™ 2400+, or 2.4 GHz Celeron or better (3 GHz Pentium 4, AMD Athlon 3000+, or 3 GHz Celeron or better recommended), 512 MB RAM (1 GB recommended), nVidia: GF6600, ATI: Radeon 9800 or better video card*, DirectX 9-compliant sound device, DirectX 9.0c or higher, 2 GB Hard Drive Space, Windows-compliant mouse and keyboard *Supported Video Cards at Time of Release: nVidia GeForce 6600, 6800, 7600, 7800, 7900 ATI Radeon: 9800, X800, X1300, X1600, X1800. X1900",,,0,
3050,"Minimum: Supported OS: Windows 2000/XP/Vista Processor: P4/AMD Athlon processor with 1.8GHz Memory: 256MB RAM Graphics: Graphics card with 128MB, DX 9.0 compatible (GeForce FX 5700 or ATI Radeon 9600) DirectX Version: DirectX 9.0c Sound: DirectX 8.0 compliant sound device Hard Drive: 2 GB",,,0,
3130,"Minimum: OS *: Windows XP (service pack 1) Processor: Intel Pentium 4 2,6 GHz (Athlon 3000+) Memory: 1 GB RAM Graphics: NVIDIA GeForce 6200 or ATI Radeon 9600 (128 MB RAM) DirectX®: 9.0c Hard Drive: 5 GB of free hard disc space Sound: Sound card compatible with DirectX 9.0c",,,0,
3170,Minimum: OS *: Windows XP/Vista Processor: 2.6GHz Memory: 1GB Graphics: nVidia GeForce 6600 with 128 MB or equivalent ATI Hard Drive: 5.5 GB of free space Sound: DirectX-compatible soundcard,"OS: Mac OSX 10.6 or higher Processor: Intel Core Duo Processor (2GHz or better) Memory: 1 GB Hard Disk Space: 3.02 GB Video Card: ATI or NVIDIA video card with at least 256Mb VRAM Additional: 15"" or larger display is recommended",,0,Award
3230,"Minimum: Windows 2000/XP/XP 64/Vista, 1.5 GHz Intel or equivalent/faster processor, 512 MB of RAM, 2.5 GB of hard disk space, DirectX9.0c or higher, 128 MB GeForce 4 4200 Ti/Radeon 9500, DirectSound compatible sound card, Keyboard and two-button mouse with scroll wheel, Multiplayer: LAN or 56K Internet connection Recommended: Windows 2000/XP/XP 64/Vista, 2.5 GHz Intel or equivalent/faster, 1 GB RAM, 2.5 GB of free hard drive space, 256 MB GeForce 6600/Radeon X1600, DirectX 9.0c, DirectSound compatible sound card with 5.1 speaker output, Keyboard and two-button mouse with scroll wheel",,,0,
3260,"Minimum: Windows® 2000/XP, 800 MHz Pentium® III or equivalent/ faster processor, 64 MB of RAM, DirectX 9.0c or higher, 64 MB DirectX® 9.0c compliant video card, DirectX® 9.0c compatible sound card, mouse, keyboard Recommended: Windows XP, 1 GHz Intel Pentium 4 or equivalent/faster, 128 RAM, 64 MB DirectX® 9.0c Compliant Video Card, DirectX 9.0c, 3D Compatible sound card, mouse, keyboard",,,0,
3270,"MINIMUM Supported OS: Microsoft(R) Windows(R) XP/Vista Processor: 1.5 GHz Intel Pentium III or AMD Athlon processor RAM: 512MB RAM Hard Drive: 2.5 GB available DirectX Version: 128 MB DirectX(R) 9 Compatible Video Card (NVIDIA(R) GeForce(R) FX 5600, ATI(TM) Radeon(TM) 9600 or Better) Sound: DirectX 9 or better compatible sound card RECOMMENDED Supported OS: Microsoft(R) Windows(R) XP/Vista Processor: 2.4 GHz Intel Pentium 4 or AMD Athlon processor RAM: 1024 MB Hard Drive: 2.5 GB available DirectX Version: 256 MB DirectX(R) 9 Compatible Video Card (NVIDIA(R) GeForce(R) 7800, ATI(TM) Radeon(TM) X1800 or Better) Sound: DirectX 9 or better compatible sound card",,,0,
3300,"Minimum Requirements: Windows 98/ME/2000/XP, 128 MB RAM, 500MHz or faster, DirectX: 7.0","OS: OS X version Leopard 10.5.8, Snow Leopard 10.6.3, or later Processor: G4, G5 or Intel Core Duo Memory: 256 MB RAM Internet: Internet connection is required to register both the download and back-up CD-ROM version of the game",,0,
3310,"Minimum Requirements: Windows 98/ME/2000/XP, 128 MB RAM, 500MHz or faster, DirectX: 7.0","OS: OS X version Leopard 10.5.8, Snow Leopard 10.6.3, or later Processor: G4, G5 or Intel Core Duo Memory: 256 MB RAM Internet: Internet connection is required to register both the download and back-up CD-ROM version of the game",,0,
3320,"Minimum Requirements: Windows 98/ME/2000/XP, 128 MB RAM, 500MHz or faster, DirectX: 7.0",,,0,
3330,"Minimum Requirements: Windows 98/ME/2000/XP, 128 MB RAM, 500MHz or faster, DirectX: 7.0","OS: Mac OS X 10.3.9-10.6.x Processor: G4, G5 or Intel Core Duo Memory: 256MB of RAM Not compatible with Mac OS X 10.7 and beyond",,0,
3340,"Minimum Requirements: Windows 98/ME/2000/XP, 128 MB RAM, 500MHz or faster, DirectX: 7.0",,,0,
3350,"Minimum Requirements: Windows 98/ME/2000/XP, 128 MB RAM, 500MHz or faster, DirectX: 7.0",,,0,
3360,"Minimum Requirements: Windows 98/ME/2000/XP, 128 MB RAM, 500MHz or faster, DirectX: 7.0",,,0,
3380,"Minimum Requirements: Windows 98/ME/2000/XP, 128 MB RAM, 500MHz or faster, DirectX: 7.0",,,0,
3400,"Minimum Requirements: Windows 98/ME/2000/XP, 128 MB RAM, 500MHz or faster, DirectX: 7.0",,,0,
3390,"Minimum Requirements: Windows 98/ME/2000/XP, 128 MB RAM, 500MHz or faster, DirectX: 7.0",,,0,
3410,"Minimum Requirements: Windows 98/ME/2000/XP, 128 MB RAM, 500MHz or faster, DirectX: 7.0",,,0,
3420,"Minimum Requirements: Windows 98/ME/2000/XP, 128 MB RAM, 500MHz or faster, DirectX: 7.0",,,0,
3430,"Minimum Requirements: Windows 98/ME/2000/XP, 128 MB RAM, 500MHz or faster, DirectX: 7.0",,,0,
3460,"Minimum Requirements: Windows 98/ME/2000/XP, 128 MB RAM, 500MHz or faster, DirectX: 7.0",,,0,
3450,"Minimum Requirements: Windows 98/ME/2000/XP, 128 MB RAM, 500MHz or faster, DirectX: 7.0",,,0,
3480,"Minimum Requirements: Windows 98/ME/2000/XP/Vista, 256 MB RAM, 500MHz or faster, DirectX: 7.0","OS: OS X version Leopard 10.5.8, Snow Leopard 10.6.3, or later Processor: Intel Core 2 Duo 1.66 Memory: 512 MB of RAM Other Requirements:",,0,
3483,"Minimum Requirements: Windows 2000/XP/Vista, 256 MB RAM, 700MHz or faster, DirectX: 7.0",,,0,
3490,"Minimum Requirements: Windows 98/ME/2000/XP, 128 MB RAM, 500MHz or faster, DirectX: 7.0",,,0,
3500,Minimum: OS: Microsoft Windows XP/Vista/2000 Processor: Intel Pentium 350Mhz or greater RAM: 128 MB RAM or greater Hard drive: 75 MB of free space Video: 16-bit graphics card Audio: 16-bit audio card,,,0,
3510,"Minimum: OS *: Microsoft® Windows® XP, Vista™ or 2000 Processor: 350 Mhz Pentium or greater CPU Memory: 128 MB RAM or greater Graphics: 16-bit Graphics and Sound card DirectX Version: DirectX7 or later Hard Drive: 75 MB free hard drive space",,,0,
3520,OS: XP/Vista/2000 Processor: 350Mhz Pentium or greater Memory: 256 MB RAM or greater Graphics: 16-bit Graphics card DirectX Version: DirectX7 or later Sound: 16-bit Sound card Hard Drive: 34MB,,,0,
3530,OS *: Windows XP/Vista/2000 Processor: 350Mhz Pentium or greater CPU Memory: 128 MB RAM or greater Sound and Graphics: 32-bit Graphics and Sound card DirectX: DirectX 7 or later Hard Drive: 75 MB free hard drive space,,,0,
3540,Minimum: Supported OS: Windows® 2000/XP/Vista Processor: 700MHz Memory: 256MB RAM Video: DirectX-compatible; 16MB DirectX® Version: 8 Sound: DirectX-compatible Hard Drive: 50+MB,"OS: OS X version Leopard 10.5.8, Snow Leopard 10.6.3, or later Processor: Intel Core Duo 1.66 GHz Memory: 512 MB RAM Internet: Internet connection is required to register both the download and back-up CD-ROM version of the game",,0,
3560,Supported OS: Windows XP/Vista DirectX Version: DirectX 8 or later Processor: 1.2GHz processor Memory: 256MB of RAM (512+MB recommended) Graphics Card: DirectX-compatible video with 32MB of video memory Sound: DirectX Compatible Sound Card Hard Drive: 250MB of free hard drive space,,,0,
3570,OS *: Windows XP/Vista/2000 Processor: 350Mhz Pentium or greater CPU Memory: 256 MB RAM or greater Graphics: DirectX7 or later Hard Drive: 50MB Free space Sound: 16-bit Graphics and Sound card,,,0,
3590,"OS *: Windows XP/Vista/7 Processor: 1.2GHz+ processor Memory: 1GB of RAM Graphics: 128MB of video memory, 16-bit or 32-bit color quality DirectX: DirectX 8 or later Hard Drive: 65+MB of free hard drive space Sound: DirectX-compatible sound","OS: Mac OS X 10.5.8-10.6.x Processor: Intel Core Duo 1.66GHz+ Memory: 1GB of RAM Graphics: 64MB of video memory, 16-bit or 32-bit color quality Hard Drive: 50+MB of free hard drive space Sound: Standard audio",,0,
3580,Operating System: Microsoft® Windows® 2000/XP/Vista Processor: 700 Mhz or higher Memory: 256MB of RAM (512+MB recommended) Hard Disk Space: 50 MB (or More) Available HDD Space Video Card: DirectX® compatible with 16 MB of Video Memory Sound Card: DirectX® compatible Sound Card DirectX® Version: DirectX® 8 or above,,,0,
3600,OS *: Windows XP/Vista/2000 Processor: 350Mhz Pentium or greater CPU Memory: 256 MB RAM or greater Sound and Graphics: 16-bit Graphics and Sound card DirectX: DirectX 7 or later Hard Drive: 42MB Free Space,"OS: OS X version Leopard 10.5.8, Snow Leopard 10.6.3, or later Processor: Intel Core Duo 1.66+ GHz Memory: 512+ MB RAM Internet: Internet connection is required to register both the download and back-up CD-ROM version of the game",,0,
3610,OS: Windows XP/Vista/2000 Processor: 350Mhz Pentium or greater CPU Memory: 256 MB RAM or greater Graphics: 16-bit DirectX®: DirectX7 or later Hard Drive: 40 MB Sound: 16-bit,,,0,
3620,"OS *: Windows XP/Vista Processor: 700MHz (minimum, lo-res mode); 1+GHz (recommended, hi-res mode) Memory: 256MB (minimum, lo-res mode); 768+MB (recommended, hi-res mode) Graphics: DirectX-compatible; 16MB (minimum, lo-res mode), 92+MB (recommended, hi-res mode) 16-bit or 32-bit color mode (256 colors may not work) - Note: For hi-res mode, you need at least 768MB of RAM and at least 92MB of video RAM, as well as a desktop resolution greater than or equal to 1000 pixels in height. DirectX®: 8.1 (required, lo-res mode); 9.0c+ (required, hi-res mode) Hard Drive: 250+MB Sound: DirectX-compatible Internet: Internet connection is required to register/unlock game trials",,,0,
3710,"Supported OS: Microsoft® Windows® XP/Vista Processor: Intel Pentium III or AMD Athlon 700MHz computer or equivalent Graphics: 32MB graphics card that supports Transform and Lighting (GeForce 1, ATI Radeon 7500 or better) Sound: Windows compatible sound card DirectX Version: DirectX 9.0 Memory: 128 MB RAM Hard Drive: 1.5 GB free hard disk space",,,0,
3720,Supported OS: Microsoft Windows XP / Vista Processor: Pentium® III 800MHz processor Memory: 128MB RAM Graphics: GeForce2 16Mb or equivalent Hard Drive: 1.4 GB of free hard drive space Sound Card: Windows compatible sound card DirectX9®: DirectX 9.0c,,,0,
3700,OS *: Windows XP / Vista Processor: 1GHz Pentium CPU or equivalent Memory: 256Mb RAM Graphics: GeForce2 32Mb or equivalent DirectX®: DirectX 9.0c Hard Drive: 4Gb free hard disk space Sound: Windows compatible sound card,,,0,
3730,"OS *: Windows XP, Windows Vista, Windows 7 Processor: Pentium II 400 MMX Memory: 128MB Graphics: DirectX compatible graphics card DirectX®: DirectX 9.0c Hard Drive: 500MB Sound: DirectX compatible sound card Controller Support: XBox 360 Controller for Windows",,,0,
3800,"Minimum: Windows 2000/XP, 2.0 GHz Processor, 256 MB of RAM, 128 MB ATI 9000 or higher or 128 MB GeForce 3 or higher (except GeForce 4 MX), DirectX 8.1 or higher compatible sound card, DirectX 9.0 (included with download), 5.5 GB Minimum Hard Drive Space, NVIDIA nForce or other motherboards / soundcards containing the Dolby Digital Interactive Content Encoder required for Dolby Digital audio, Windows-compatible keyboard and mouse Recommended: Windows 2000/XP, 3.4 GHz Processor, 512 MB of RAM, 256 MB GeForce FX 5600 or higher or ATI Radeon 9600 or higher, Sound Blaster Audigy 2 series sound card or higher, Game Pad",,,0,
3810,"Minimum: Windows 98/2000/XP, 733 MHz processor, 128MB RAM, 200MB virtual memory,  2 GB free hard disc space, DirectX 8.1 or higher (included with game), DirectX compatible sound card, 100% DirectX 8.1 compatible video card, ATI Radeon, GeForce 2 or higher, with Hardware T&L (Transform & Lighting). Excludes GeForce MX and Go series cards. See full list below. Excluded cards: - TnT/TnT 2 - ATI Rage (any kind) - ATI Radeon VE and Radeon 7000 - ATI Mobility Radeon (original, laptop) - Kyro 1 & 2 (example, Hercules 3D Prophet 4000/4500) - any Voodoo card - any Intel card - any Matrox card (except the Parhelia) - any kind of integrated graphics (except the nForce) Recommended: Windows XP, Pentium 4 2.53 GHz or AMD equivalent, 512 MB RAM, 200MB virtual memory, 2 GB free hard disc space, 64MB nVidia GeForce 3, GeForce 4 Ti or ATI Radeon 8500 video card, DirectX 8.1 or higher (included with game), Sound Blaster Audigy sound card",,,0,
3820,"Minimum: Windows 98 SE/2000/XP, 1.2 GHz processor, 256MB RAM, 200MB virtual memory, 5 GB free hard disc space, DirectX 8.1 or higher (included with game), DirectX compatible sound card, 100% DirectX 8.1 compatible video card, GeForce 3 or higher, with Hardware T&L (Transform & Lighting). Excludes GeForce MX and Go series cards. See full list below. Excluded cards: - ATI Rage (all), Radeon VE and Radeon 7000, 7500, 9000 - ATI Mobility Radeon (original, laptop) - NVidia GeForce 4 MX 420 or 440 PCI - Nvidia Quadro NVS - Nvidia GeForce 2 series - Nvidia Geforce4 440 Go 64M (laptop users) - Kyro 3D Prophet - Matrox - 3D Labs - Intel Onboard (all versions) Recommended: Windows XP, Pentium 4 2.0 GHz or AMD equivalent, 512 MB RAM, 200MB virtual memory, 5 GB free hard disc space, 100% DirectX 8.1 compatible video card, Matrox Pahrelia, Nvidia GeForce 6800, ATI Radeon X800, 9600, 9700, 9800 or better, DirectX 8.1 or higher, DirectX compatible sound card",,,0,
3830,OS *: Windows 98 SE/2000/XP Processor: 1.0 GHz Pentium(R) III and AMD Athlon(tm) Memory: 256 MB of RAM Graphics: 64 MB GeForce (tm) 3 or higher or ATI(R) Radeon 8500 or higher (except GeForce 4 MX and Go series) DirectX®: version 9.0 or higher (included with game) Hard Drive: 3.75 GB minimum hard drive space Sound: DirectX&reg 9.0 or higher compatible sound card Controls: Windows-compatible keyboard and mouse,"OS: Snow Leopard 10.6.8, or later. Processor: Intel Core Duo Processor Memory: 2 GB of RAM Graphics: ATI X1600 / NVIDIA 8600GT / Intel HD3000 or better card with at least 128 MB VRAM Hard Drive: 4GB minimum hard drive space Controls: Keyboard and Mouse Leopard is not supported",Processor: 2.0 GHz Memory: 2 GB Graphics: 128 MB VRAM with OpenGL 2.1 capable and Compressed texture support (S3TC) Libraries: glibc 2.7+ Note: 32-bit native binaries only,0,
3900,"Minimum: Windows 2000/XP, 1.2GHz Intel Pentium 4 or AMD Athlon processor or equivalent, 256MB RAM, 64 MB Video Card w/ Hardware T&L (GeForce 2/Radeon 7500 or better) DirectX7 compatible sound card, 1.7GB of free hard drive space, DirectX9.0c (included) Recommended: Windows 2000/XP, 1.8GHz Intel Pentium 4 or AMD Athlon processor or equivalent/better, 512 MB RAM, 128 MB Video Card w/ DirectX 8 support (pixel and vertex shaders), DirectX7 compatible sound card, 1.7GB of free hard drive space, DirectX9.0c (included)","Recommended: OS: 10.12 (Sierra) Processor: Intel chipset CPU Speed: 2.0 GHz Memory: 512 MB RAM Hard Disk Space: 3.5 GB free disk space Video Card: (ATI): Radeon 9600 Video Card (NVidia): GeForce FX 5200 Video Memory: (VRam): 128 MB RAM Multiplayer: Internet (TCP/IP) and LAN (TCP/IP) play supported. Internet play requires broadband connection. Media Required: DVD Drive Supported Video cards: NVIDIA GeForce 5200, 6600, 6800, 7800 ATI Radeon 9600, 9650, 9700, 9800, X600, X800, X850, X1600 NOTICE: This game is not supported on volumes formatted as Mac OS Extended (Case Sensitive).",,0,
3910,"Recommended: Windows® 2000/XP (only), Pentium® II 400 MHz, 128 MB RAM, 1.7 GB Free HDD space, Windows® 2000/XP compatible video card*, Windows® 2000/XP compatible sound card*, DirectX® version 9.0b (included) or higher * Indicates device should be compatible with DirectX® version 9.0b or higher.",,,0,
3920,"Minimum: Windows® 98/Me/2000/XP, Pentium® 1.0 GHz or higher, 256 MB RAM, 1.2 GB Free HDD, 64 MB video card* with Hardware T&L support, Windows® 98/Me/2000/XP-compatible sound card*, DirectX® version 9.0b (included) or higher * Indicates device should be compatible with DirectX® version 9.0b or higher.",,,0,
3960,Minimum: OS *: Windows 98SE/2000/ME/XP with the latest updates Processor: Pentium III 800 MHz OR AMD Equivalent Memory: 128 MB RAM Graphics: 128 MB RAM that supports Vertex and Pixel Shading of 1.4 or higher DirectX: Version 9.0b Storage: 2 GB available space Additional Notes: Windows Vista and newer are not supported,,,0,
3990,"Minimum: 1.2GHz Intel Pentium 4 or AMD Athlon processor or equivalent, 256MB RAM, 64 MB Video Card w/Hardware T&L (GeForce 2/Radeon 7500 or better), DirectX 9.0c compatible sound card, 1.7 GB of free hard drive space, Direct X 9.0c (included) Recommended: 1.8GHz Intel Pentium 4 or AMD Athlon processor or equivalent/better, 512 MB RAM, 128 MB Video Card w/ DirectX 8 support (pixel and vertex shaders), DirectX 9.0c compatible sound card, 1.7GB of free hard drive space, DirectX 9.0c (included) SUPPORTED OPERATING SYSTEMS: Windows 2000 (plus Service Pack 1 or higher), Windows XP (Home or Professional) (plus Service Pack 1 or higher) *Requires Sid Meier's Civilization IV to play","Recommended: OS: Mac OS X 10.4, 10.5, and 10.6 Processor: PowerPC G5 or Intel CPU Speed: 2.0 GHz Memory: 1GB or higher Hard Disk Space: 3.5 GB free disk space Video Card: (ATI): Radeon 9600 Video Card (NVidia): GeForce FX 5200 Video Memory: (VRam): 128 MB Multiplayer: Internet (TCP/IP) and LAN (TCP/IP) play supported. Internet play requires broadband connection. Media Required: CD Drive NOTICE: Apple original CPU’s only, CPU upgrades not supported. NOTICE: Intel integrated video chipsets (GMA 950) are not supported. Supported Video cards: NVIDIA GeForce 5200, 6600, 6800, 7300, 7800 ATI Radeon 9600, 9650, 9700, 9800, X600, X800, X1600, X1900 REQUIRED: FULL VERSION OF Civilization IV for Mac OS X TO PLAY",,0,
3980,"Minimum: Windows 2000/XP (Windows 7 is not supported), 1.6 GHz processor, 512 MB RAM, 2.5 GB uncompressed space, 64 MB video card (with Hardware T&L, nVidia GeForce 3/ATI Radeon 8500 or better), DirectX 7 compatible sound card, DirectX Version 9.0c",,,0,
4000,"Minimum: OS: Windows® 10 Processor: 2 GHz Processor or better Memory: 4 GB RAM Graphics: 1GB dedicated VRAM or better DirectX: Version 9.0c Network: Broadband Internet connection Storage: 10 GB available space Sound Card: DirectX® 9 compatible Additional Notes: Mouse, Keyboard, Monitor","Minimum: OS: OS X version Snow Leopard 10.6.3 Processor: 2 GHz Processor or better Memory: 4 GB RAM Graphics: 1GB dedicated VRAM or better Network: Broadband Internet connection Storage: 10 GB available space Additional Notes: Mouse, Keyboard, Monitor","Minimum: OS: Ubuntu 12.04 Processor: 2 GHz Processor or better Memory: 4 GB RAM Graphics: 1GB dedicated VRAM or better Network: Broadband Internet connection Storage: 10 GB available space Additional Notes: Mouse, Keyboard, Monitor",0,Award
4100,"Minimum: Windows 98/ME/2000/XP, 500MHz processor, 64 MB RAM Sound Card, SVGA Graphics Card",,,0,
4230,"Minimum Microsoft Windows XP Home/Pro, 1.7 GHz Intel Pentium 4 or 100% compatible Processor, 512 MB RAM, 2.5 GB free space, DirectX 9 compatible graphics card with 128 MB memory, DirectX 9 compatible Sound Card, Keyboard and Mouse, DirectX Version 9 Recommended 3 GHz Intel Pentium IV or 100% compatible Processor, 1 GB RAM, DirectX 9 compatible graphics card with 256 MB memory, DirectX 9 compatible force feedback steering wheel Graphic Cards not supported: NVIDIA GeForce 3/4 cards ATI Radeon 8500/9000/9200 Intel Motherboard mounted chipsets",,,0,
4240,"Minimum Microsoft Windows XP Home/Pro, 1.7 GHz Intel Pentium 4 or 100% compatible Processor, 512 MB RAM, 2.5 GB free space, DirectX 9 compatible graphics card with 128 MB memory, DirectX 9 compatible Sound Card, Keyboard and Mouse, DirectX Version 9 Recommended 3 GHz Intel Pentium IV or 100% compatible Processor, 1 GB RAM, DirectX 9 compatible graphics card with 256 MB memory, DirectX 9 compatible force feedback steering wheel Graphic Cards not supported: NVIDIA GeForce 3/4 cards ATI Radeon 8500/9000/9200 Intel Motherboard mounted chipsets",,,0,
4290,"Minimum Microsoft Windows XP Home/Pro, 1.7 GHz Intel Pentium 4 or 100% compatible Processor, 512 MB RAM, 2.5 GB free space, DirectX 9 compatible graphics card with 128 MB memory, DirectX 9 compatible Sound Card, Keyboard and Mouse, DirectX Version 9 Recommended 3 GHz Intel Pentium IV or 100% compatible Processor, 1 GB RAM, DirectX 9 compatible graphics card with 256 MB memory, DirectX 9 compatible force feedback steering wheel Graphic Cards not supported: NVIDIA GeForce 3/4 cards ATI Radeon 8500/9000/9200 Intel Motherboard mounted chipsets",,,0,
4300,"This game is built on the Unreal® Engine 3. While installing RoboBlitz, you may be prompted to download and install the latest video drivers. Minimum: Microsoft® Windows® XP SP2, Intel® Pentium® 4 2.0GHz or AMD Athlon™ XP 2000+, 512 MB RAM, 400MB Hard Disk Space, nVidia® Geforce® 6600 or ATI Radeon® X800 Video Card with 256 MB RAM, DirectX Version 9.0c Recommended: Microsoft® Windows® XP SP2, Intel® Pentium® Extreme Edition 3.2GHz or AMD Athlon™ 64 X2 3800+, 1 GB RAM, 400MB Hard Disk Space, nVidia® Geforce® 7800 or ATI Radeon® X1800 Video Card with 256 MB RAM, DirectX Version: 9.0c Supported Video Cards: ATI Radeon® X1950 XTX Radeon® X1900 series Radeon® X1800 series Radeon® X1600 series Radeon® X1300 series Radeon® X850 series Radeon® X800 series Mobility™ Radeon® X800 XT series Mobility™ Radeon® X1800 XT series Mobility™ Radeon® X1800 series Mobility™ Radeon® X1600 series Mobility™ Radeon® X1300 series Mobility™ Radeon® X800 series NVidia GeForce 6600 series GeForce 6800 series GeForce 7600 series GeForce 7800 series GeForce 7900 series GeForce 7950 series GeForce Go 7400 series GeForce Go 7800 series GeForce Go 7900 series",,,0,Award
4420,Minimum: Windows® XP Intel Pentium 4 2.8 Ghz or AMD Athlon XP +2800 higher 512 MB RAM ATI Radeon 9800 256MB VRAM or Nvidia 6600 GT with 256 MB of VRAM or better DirectX version 9.0c-compatible sound card DirectX® 9.0c Network Interface (only for multiplayer games) 10 GB available HD space Recommended: Intel Pentium 4 3 Ghz or AMD Athlon XP +3000 1 GB RAM 256MB ATI Radeon X850 or Nvidia GeForce 6800GT,,,0,
4470,"OS *: Windows® XP/Vista Processor: 2 GHz Memory: 512 MB RAM Graphics: 3D, 128 MB, Direct X® 9.0c compatible (Nvidia FX 5200, ATI 9500 or better) DirectX Version: 9.0c Sound: Direct X® 9 compatible Hard Drive: 11 GB free hard drive space",,,0,
4460,Minimum: Supported OS: Windows 2000 with Service Pack 2/XP/Vista Processor: 1.5 GHz Processor or the equivalent Graphics: DirectX® 9.0c compatible 64 MB 3D graphic card (GeForce 4Ti or Radeon 8000) DirectX® Version: DirectX® 9.0c or better Memory: 256 MB RAM Sound: Sound Card compatible with Direct X® 9 Hard Drive: 4.5 GB free space,,,0,
4500,Supported OS: Microsoft® Windows® XP(Service Pack 2)/Microsoft® Windows® 2000 SP4 Processor: Intel Pentium 4 2.0 Ghz / AMD XP 2200+ Graphics: 128 MB DirectX® 8.0 compatible card / nVIDIA® GeForce™ 5700 / ATI Radeon® 9600 Memory: 512 MB RAM Sound: DirectX® 9.0 compatible sound card Hard Drive: 6 GB free hard disc space,,,0,
4530,"Minimum: Windows 2000/XP (only), AMD Athlon XP or Pentium III 1.5 GHz, 256 MB RAM, DirectX 9.0b-compatible graphics card from NVIDIA® GeForce® 3 and higher (excluding GeForce® 4MX) or ATI® Radeon® 8500 and higher, DirectX 9.0c-compatible sound card, DirectX 9.0c (included), 2.56 GB Free Hard Drive Space, MS Compatible mouse, Broadband Internet Connection (for multiplayer) Recommended: Windows XP, AMD Athlon 64; or Pentium 4 2.8GHz+; 1 GB RAM, DirectX 9.0c-compatible graphics card from NVIDIA® (GeForce® 6600 and above), DirectX 9.0c-compatible sound card - Sound Blaster® X-Fi™ series preferred",,,0,
4520,"Minimum: Windows 2000/XP (only), AMD Athlon 1 GHz or Pentium III 1 GHz, 256 MB RAM, DirectX 9.0b-compatible graphics card from NVIDIA or ATI, GeForce 3 and higher, ATI Radeon 8500 and higher, DirectX 9.0b-compatible sound card, 1.5 GB Free Hard Drive Space, Broadband Internet Connection (for multiplayer) Recommended: Windows XP, AMD Athlon XP 2000+ and above OR Pentium 4  2GHz and above, 512 MB RAM or greater, GeForce 4 Ti and higher or ATI Radeon 9500 and higher, DirectX 9.0b-compatible sound card, SoundBlaster Audigy preferred",,,0,
4560,"Minimum: OS *: Windows® XP or Vista Processor: 2.0 Ghz Intel Pentium IV or equivalent or AMD Athlon XP or equivalent Memory: 512 MB RAM Graphics: DirectX 9.0c compatible 64MB video card with Pixel Shader 1.1 support or equivalent and latest manufacturer drivers Hard Drive: 9 GB of uncompressed free hard drive space (We recommend having 1 gigabyte of free space after installation) Sound: DirectX® 9.0c compatible 16-bit sound card Required for Multiplayer: Broadband internet connection and latest drivers. * Supported Video Cards: NVIDIA: NVIDIA GeForce 3 series or better with latest manufacturer drivers (excluding the GeForce 4 MX series), ATI: ATI Radeon 9500 series or better with latest manufacturer drivers Internet connection required for play",,,0,Award
4570,"Minimum: Windows 2000/XP, 1.8 Ghz Intel Pentium III or equivalent AMD Athlon XP, 256 MB RAM, 4.5 GB free hard drive space, 32 MB DirectX 9.0c compatible AGP video card with Hardware Transformation and Lighting, 16-bit DirectX 9.0b compatible sound card, Mouse, Keyboard Recommended: 2.4 GHz Intel Pentium 4 or equivalent, 512 MB system RAM (required for 8-player multiplayer games), nVidia GeForce 3 or ATI Radeon 8500 or equivalent with 64 MB of Video RAM Required for Multiplayer: Internet: Cable modem, DSL modem, or 56.6 kbps modem for online multiplayer play; Network: TCP/IP compliant network",,,0,
4580,"Minimum: Windows 2000/XP, 2.0 Ghz Intel Pentium 4, AMD Athlon XP or equivalent processor, 512 MB RAM, 3.5 GB free hard drive space, 64 MB DirectX 9.0b compatible AGP video card with Hardware Transformation and lighting, 16-bit DirectX 9.0b compatible sound card, DirectX 9.0c, Mouse, Keyboard Recommended: 2.4 GHz Intel Pentium 4 or equivalent, 512 MB system RAM (required for 8-player multiplayer games), nVidia GeForce 3 or equivalent with 64 MB of Video RAM , Sound Blaster X-Fi Series Required for Multiplayer: Internet: Cable modem, DSL modem, or better for online multiplayer play; Network: LAN or broadband WAN",,,0,
4700,"Minimum System Requirements: Microsoft® Windows® 2000/XP Celeron 1.5GHz Pentium 4® (1500MHz) or equivalent AMD® processor 512MB RAM 11GB of uncompressed free hard disk space 100% DirectX® 9.0c compatible 16-bit sound cardand latest drivers 100% Windows® 2000/XP compatible mouse,keyboard and latest drivers DirectX® 9.0c 128MB Hardware Accelerated video card with Shader 1 support and the latest drivers. Must be 100% DirectX® 9.0c compatible 1024 x 768 minimum display resolution Internet (TCP / IP) play supported; Internet play requires broadband connection and latest drivers; LAN play requires Network card. Important Note: Some cards may not be compatible with the 3D acceleration features utilized by Medieval II: Total War. Please refer to your hardware manufacturer for 100% DirectX® 9.0c compatibility.","Minimum: OS: macOS 14 Sonoma Processor: Apple M1 (8‑Core CPU), Intel Core i7 or better Memory: 8GB Graphics: Apple M1 (7‑Core GPU), AMD Radeon Pro 555X or better Storage: 15GB Additional Notes: PRE macOS 14 USERS: Players using a version of macOS before 14 can access a compatible version of the game via the Beta tab in the game’s properties window. Select the 'mac_1.1.1 - macOS 13 or Intel GPUs only' branch for a version that is compatible with 10.14 up to 13.6.4. Please also see our guide here ——— Please note for your computer to meet the minimum requirements it must match or better all elements of the listed system requirements. For more detailed specifications check the Feral website.",OS: Ubuntu 14.04 Steam OS 2.0 (NVIDIA & Intel Only) Graphics Card: Nvidia 600 series+ with Driver Version 352.55 AMD R7 with Mesa 11.2 driver* Intel Iris Pro with Mesa 11.2 driver* *IMPORTANT: AMD GPUS may require Ubuntu 15.10 or later. Mesa 11.2 driver still in active development.,0,
4720,Minimum: OS *: Windows XP Processor: 2.0 GHz Intel Pentium 4 or AMD Athlon equivalent (2.4 GHz recommended) Memory: 512 MB RAM Graphics: DirectX 9.0 compatible video card with at least 128 MB video RAM DirectX®: 9.0 Hard Drive: 8 GB HD space Sound: DirectX 9.0 compatible sound card Additional: No controller support.,,,18,
4760,"Minimum: Microsoft® Windows® 2000/XP, Pentium III 1.0GHz or Athlon 1.0GHz processor or higher, 256MB RAM, 2.9GB of uncompressed free hard disk space (plus 500MB for Windows swap file), 100% DirectX® 9.0c compatible 16-bit sound card and latest drivers, 100% Windows® 2000/XP compatible mouse, keyboard and latest drivers, DirectX® 9.0b, 64MB Hardware Accelerated video card with Shader 1 support and the latest drivers. Must be 100% DirectX® 9.0b compatible, 1024 x 768 Display Resolution, Internet (TCP / IP) play supported;Internet play requires broadband connection and latest drivers; LAN play requires Network card (Multiplayer) Important Note: Some cards may not be compatible with the 3D acceleration features utilized by Medieval II: Total War. Please refer to your hardware manufacturer for 100% DirectX® 9.0b compatibility.",,,0,
4770,"Minimum: Microsoft® Windows® 2000/XP, Pentium III 1.0GHz or Athlon 1.0GHz processor or higher, 256MB RAM , 2.9GB of uncompressed free hard disk space (plus 500MB for Windows swap file), 100% DirectX® 9.0c compatible 16-bit sound card and latest drivers, 100% Windows® 2000/XP compatible mouse, keyboard and latest drivers, DirectX® 9.0b, 64MB Hardware Accelerated video card with Shader 1 support and the latest drivers. Must be 100% DirectX® 9.0b compatible, 1024 x 768, Internet (TCP / IP) play supported; Internet play requires broadband connection and latest drivers; LAN play requires Network card. Important Note: Some cards may not be compatible with the 3D acceleration features utilized by Medieval II: Total War. Please refer to your hardware manufacturer for 100% DirectX® 9.0b compatibility.",,,0,
4780,"Minimum: Supported OS: Windows 2000/XP Processor: Celeron 1.5GHz Pentium 4® (1500MHz) or equivalent AMD® processor. (2.4 GHz P4 Recommended) RAM: 512 MB of RAM  (1 GB RAM recommended) Disk Space: 5 GB of uncompressed hard drive space Graphics Card*: 128MB Hardware Accelerated video card with Shader 1 supportand the latest drivers. Must be 100% DirectX® 9.0c compatible. (256 MB NVIDIA® GeForce™ 7300 or greater or ATI® Radeon® X1600 or greater recommended) Display Resolution: 1024 x 768 Sound Card: 100% DirectX® 9.0c compatible 16-bit sound card and latest drivers DirectX Version: DirectX® 9.0c Input Devices: 100% Windows® 2000/XP compatible mouse, keyboard and latest drivers Multiplayer: Internet (TCP / IP) play supported; Internet play requires broadband connection and latest drivers; LAN play requires Network card. *Note: Some cards may not be compatible with the 3D acceleration features utilized by Medieval II: Total War. Please refer to your hardware manufacturer for 100% DirectX® 9.0c compatibility.","Minimum: OS: 10.14 Processor: Intel Core i3 Memory: 4GB Graphics: NVIDIA GeForce GT 650M 512MB, AMD Radeon R9 M290 2GB, Intel HD Graphics 4000 (See Notes for more details) Storage: 15GB (Steam) Additional Notes: The game is supported on the following Macs. To check your Mac model and when it was released, select About This Mac from the Apple menu on your menu bar. * All MacBooks released since Early 2015 * All MacBook Airs since Mid 2012 (1) * All 13” MacBook Pros released since Mid 2012 (1) * All 15” MacBook Pros released since Mid 2012 * All Mac minis released since Late 2012 (1) * All 21’5” iMacs released since Late 2012 (1) * All 27” iMacs released since Late 2012 * All 27"" iMac Pros released since Late 2017 * All Mac Pros released since Mid 2010 with an AMD Radeon HD 7950 (Mac Edition) (1) Models with an Intel HD Graphics 4000 or Intel HD Graphics 5000 graphics card require at least 8GB of System Memory ——— Please note for your computer to meet the minimum requirements it must match or better all elements of the listed system requirements. For more detailed specifications check the Feral website. Pre 10.14 Users: Players using a version of OS X before 10.14 can access a compatible version of the game via the Beta tab in the game’s properties window. Select the ‘mac_linux_gl-1.0.3' branch for a version that is compatible with 10.10.5 up to 10.13.6.",OS: Ubuntu 14.04 Steam OS 2.0 (NVIDIA & Intel Only) Graphics Card: Nvidia 600 series+ with Driver Version 352.55 AMD R7 with Mesa 11.2 driver* Intel Iris Pro with Mesa 11.2 driver* *IMPORTANT: AMD GPUS may require Ubuntu 15.10 or later. Mesa 11.2 driver still in active development.,0,
4800,"Windows 2000/XP Latest Video and Sound drivers are highly recommended for optimal performance. For better game performance please close all background programs (instant messaging, antivirus, system monitoring). Minimum: Intel Pentium 4 2Ghz or AMD Athlon XP 2000+, nVidia GeForce FX5200 or ATI Radeon 9000 Video card with 128MB Memory, 512MB RAM, DirectX 8.0 compatible Sound, 2.5 Gb Free Hard drive space Recomended: Intel Pentium 4 3Ghz or AMD Athlon 64 3200+, nVidia GeForce 6600 or ATI Radeon X800 Video card, 1GB RAM, DirectX 8.0 compatible Sound, 2.5 Gb Free Hard drive space Optional: Internet Connection for multiplayer game via Internet, Minimal: 56K Dial-Up Connection",,,0,
4850,"OS *: Microsoft Windows XP Home (Service Pack 3) Processor: Intel Atom N270 Memory: 512MB RAM Graphics: Intel GMA 950 DirectX®: DirectX9 Hard Drive: 550MB space free Sound: 100% Direct Sound Compatible Internet Connection: 56 Kbit/sec Controller: ""mouse"" or touchpad",,,0,
4870,OS *: Windows 7/Vista/XP Processor: 1.6 GHz Memory: 1GB Hard Disk Space: 100MB of free space Video Card: 128 MB DirectX 9.0c compatible or better video card with pixelshader 2.0 DirectX®: 9.0c Sound: DirectX 9.0c compatible sound card Additional: Microsoft XNA Framework 3.1,,,0,
4880,Operating system: Windows® XP / Vista™ / Windows® 7 Processor: 1.4 GHz CPU Memory: 512 MB Hard disk space: 350MB Video: Video Card with 64MB dedicated memory and DirectX 9 Compatible Sound: Sound card with DirectX 9.0 support DirectX®: 9.0 or higher,,,0,
4890,Operating system: Windows® XP and higher Processor: 1.4 GHz CPU Memory: 512 MB Hard disk space: 1.8GB Video: Video Card with 128MB dedicated memory and DirectX 9 Compatible Sound: Sound card with DirectX 9.0 support DirectX®: 9.0 or higher,,,0,
4900,"Windows 98/ME/2000/XP, 128 MB RAM, 500 MHz or faster, Direct X 7.0",,,0,
4920,"Minimum: OS: 7 64-Bit (SP1) or Windows 10 64-Bit Processor: Dual-core processor 2.4 GHz (Intel Core 2 Duo, i3), 2.6 GHz (AMD Athlon or FX) Memory: 6 GB RAM Graphics: DirectX 11 compatible dedicated video card with 2 GB VRAM DirectX®: 11.0 Hard Drive: 13 GB HD space Other Requirements: Broadband Internet connection",,,0,Award
4932,"Minimum: OS: 7 64-Bit (SP1) or Windows 10 64-Bit Processor: Dual-core processor 2.4 GHz (Intel Core 2 Duo, i3), 2.6 GHz (AMD Athlon or FX) Memory: 6 GB RAM Graphics: DirectX 11 compatible dedicated video card with 2 GB VRAM DirectX®: 11.0 Hard Drive: 13 GB HD space Other Requirements: Broadband Internet connection",,,0,Award
